NM_ID,Gene,Disease,Disease_Category,Seq_Length,GC_Content,Total_Motifs,Motifs_per_kb,R-Loop,Non-B_DNA_Clusters,Z-DNA,Slipped_DNA,G-Quadruplex,A-philic_DNA,i-Motif,Curved_DNA,Triplex,Hybrid,Cruciform
NM_000445,PLEC,"Muscular dystrophy, limb-girdle, type 2Q, 613723 (3)",Muscular Disorders,14798,66.8,159,10.74,6.0,2.0,2.0,0.0,137.0,3.0,4.0,0.0,0.0,5.0,0.0
NM_001282237,BCL11B,"?Immunodeficiency 49, 617237 (3)",Other,8525,50.4,128,15.01,9.0,17.0,3.0,4.0,35.0,4.0,4.0,34.0,9.0,9.0,0.0
NM_001346813,ARID1B,"Coffin-Siris syndrome 1, 135900 (3)",Syndromes,9833,52.6,100,10.17,4.0,10.0,9.0,6.0,32.0,8.0,0.0,14.0,6.0,11.0,0.0
NM_001164766,ZFHX3,"{Prostate cancer, susceptibility to, somatic}, 176807 (3)",Cancer,13164,49.4,96,7.29,9.0,10.0,10.0,6.0,21.0,1.0,1.0,24.0,9.0,5.0,0.0
NM_003108,SOX11,"Mental retardation, autosomal dominant 27, 615866 (3)",Intellectual Disability,9002,48.6,94,10.44,5.0,7.0,4.0,2.0,32.0,6.0,1.0,24.0,9.0,4.0,0.0
NM_000068,CACNA1A,"Spinocerebellar ataxia 6, 183086 (3)",Ataxias,8660,59.0,88,10.16,4.0,8.0,2.0,3.0,42.0,10.0,5.0,8.0,4.0,2.0,0.0
NM_001127222,CACNA1A,"Spinocerebellar ataxia 6, 183086 (3)",Ataxias,8647,59.0,88,10.18,4.0,8.0,2.0,4.0,41.0,10.0,5.0,8.0,4.0,2.0,0.0
NM_001039141,TRIOBP,"Deafness, autosomal recessive 28, 609823 (3)",Other,10085,60.5,83,8.23,11.0,7.0,0.0,2.0,45.0,6.0,4.0,5.0,1.0,2.0,0.0
NM_001031804,MAF,"Cataract 21, multiple types, 610202 (3)",Other,6900,46.0,80,11.59,3.0,10.0,6.0,5.0,18.0,1.0,1.0,26.0,5.0,5.0,0.0
NM_007118,TRIO,"Mental retardation, autosomal dominant 44, 617061 (3)",Intellectual Disability,11460,53.4,75,6.54,6.0,9.0,4.0,1.0,34.0,7.0,3.0,6.0,3.0,2.0,0.0
NM_002972,SBF1,"Charcot-Marie-Tooth disease, type 4B3, 615284 (3)",Other,8019,64.5,75,9.35,8.0,3.0,2.0,1.0,48.0,6.0,1.0,0.0,1.0,5.0,0.0
NM_030665,RAI1,"Smith-Magenis syndrome, 182290 (3)",Syndromes,7677,64.1,74,9.64,4.0,4.0,1.0,1.0,44.0,9.0,1.0,1.0,5.0,3.0,1.0
NM_000044,AR,"{Prostate cancer, susceptibility to}, 176807 (3)",Cancer,10667,48.1,71,6.66,5.0,10.0,1.0,4.0,28.0,1.0,3.0,10.0,6.0,2.0,1.0
NM_002111,HTT,"{Obsessive-compulsive disorder}, 164230 (3)",Other,13498,53.8,71,5.26,5.0,4.0,1.0,3.0,37.0,3.0,4.0,3.0,5.0,6.0,0.0
NM_018013,SOBP,"Mental retardation, anterior maxillary protrusion, and strabismus, 613671 (3)",Intellectual Disability,6225,54.5,70,11.24,3.0,8.0,7.0,2.0,20.0,4.0,4.0,10.0,4.0,8.0,0.0
NM_001014797,KCNMA1,"Paroxysmal nonkinesigenic dyskinesia, 3, with or without generalized epilepsy, 609446 (3)",Epilepsy/Encephalopathy,11982,43.9,69,5.76,6.0,9.0,3.0,2.0,23.0,1.0,1.0,15.0,5.0,4.0,0.0
NM_004327,BCR,"Leukemia, chronic myeloid, somatic, 608232 (3)",Cancer,6783,60.3,68,10.03,3.0,4.0,7.0,1.0,42.0,3.0,2.0,1.0,1.0,4.0,0.0
NM_000332,ATXN1,"Spinocerebellar ataxia 1, 164400 (3)",Ataxias,10606,46.6,67,6.32,7.0,5.0,0.0,2.0,22.0,4.0,2.0,18.0,3.0,4.0,0.0
NM_001105243,PCDH19,"Epileptic encephalopathy, early infantile, 9, 300088 (3)",Epilepsy/Encephalopathy,9615,49.5,61,6.34,7.0,7.0,7.0,1.0,19.0,4.0,3.0,5.0,3.0,5.0,0.0
NM_001011645,AR,"{Prostate cancer, susceptibility to}, 176807 (3)",Cancer,10257,47.0,61,5.95,4.0,6.0,1.0,4.0,25.0,1.0,1.0,10.0,5.0,3.0,1.0
NM_017780,CHD7,"Hypogonadotropic hypogonadism 5 with or without anosmia, 612370 (3)",Other,11606,47.7,60,5.17,3.0,3.0,3.0,2.0,24.0,3.0,2.0,9.0,8.0,3.0,0.0
NM_000264,PTCH1,"Holoprosencephaly 7, 610828 (3)",Other,8662,52.4,60,6.93,6.0,6.0,3.0,1.0,27.0,3.0,1.0,7.0,1.0,5.0,0.0
NR_149061,PTCH1,"Holoprosencephaly 7, 610828 (3)",Other,8496,52.5,60,7.06,6.0,6.0,3.0,1.0,27.0,3.0,1.0,7.0,1.0,5.0,0.0
NM_004459,BPTF,"Neurodevelopmental disorder with dysmorphic facies and distal limb anomalies, 617755 (3)",Other,11024,44.1,59,5.35,4.0,6.0,3.0,1.0,19.0,4.0,3.0,9.0,7.0,3.0,0.0
NR_134469,TRIO,"Mental retardation, autosomal dominant 44, 617061 (3)",Intellectual Disability,10930,52.3,59,5.4,5.0,5.0,3.0,1.0,31.0,4.0,1.0,6.0,3.0,0.0,0.0
NM_001440,EXTL3,"Immunoskeletal dysplasia with neurodevelopmental abnormalities, 617425 (3)",Other,8221,54.0,57,6.93,4.0,4.0,1.0,2.0,36.0,1.0,1.0,4.0,2.0,2.0,0.0
NM_007032,TRIOBP,"Deafness, autosomal recessive 28, 609823 (3)",Other,4753,58.9,55,11.57,4.0,5.0,1.0,3.0,28.0,3.0,1.0,6.0,1.0,3.0,0.0
NM_139058,ARX,"Proud syndrome, 300004 (3)",Syndromes,2893,62.7,55,19.01,3.0,9.0,5.0,4.0,20.0,2.0,3.0,3.0,1.0,5.0,0.0
NM_020774,MIB1,"Left ventricular noncompaction 7, 615092 (3)",Other,10100,39.5,54,5.35,1.0,3.0,1.0,0.0,22.0,5.0,2.0,12.0,2.0,6.0,0.0
NM_001308402,ERF,"Craniosynostosis 4, 600775 (3)",Other,2579,63.4,52,20.16,4.0,8.0,1.0,1.0,21.0,4.0,8.0,1.0,2.0,2.0,0.0
NM_001083962,TCF4,"{Diabetes mellitus, type 2, susceptibility to}, 125853 (3)",Other,8041,39.2,51,6.34,4.0,3.0,1.0,4.0,11.0,0.0,0.0,24.0,3.0,1.0,0.0
NM_001271620,ZNF423,"Nephronophthisis 14, 614844 (3)",Other,7779,55.2,50,6.43,6.0,3.0,1.0,0.0,26.0,3.0,2.0,5.0,2.0,2.0,0.0
NM_002246,KCNK3,"Pulmonary hypertension, primary, 4, 615344 (3)",Other,6191,57.5,50,8.08,4.0,3.0,4.0,0.0,27.0,5.0,1.0,2.0,0.0,4.0,0.0
NM_001301035,ERF,"Craniosynostosis 4, 600775 (3)",Other,2620,63.4,50,19.08,4.0,7.0,1.0,0.0,21.0,4.0,8.0,1.0,2.0,2.0,0.0
NM_001453,FOXC1,"Axenfeld-Rieger syndrome, type 3, 602482 (3)",Syndromes,3983,56.3,49,12.3,3.0,4.0,6.0,1.0,16.0,6.0,2.0,4.0,1.0,6.0,0.0
NM_001330520,TNRC6A,"?Epilepsy, familial adult myoclonic, 6, 618074 (3)",Epilepsy/Encephalopathy,8344,46.3,49,5.87,3.0,2.0,2.0,3.0,15.0,2.0,1.0,13.0,5.0,3.0,0.0
NM_001351850,TNRC6A,"?Epilepsy, familial adult myoclonic, 6, 618074 (3)",Epilepsy/Encephalopathy,8506,46.2,49,5.76,4.0,3.0,0.0,2.0,13.0,3.0,1.0,13.0,5.0,5.0,0.0
NM_000684,ADRB1,"{Congestive heart failure and beta-blocker response, modifier of} (3)",Cardiac Disorders,3039,58.8,48,15.79,2.0,8.0,4.0,2.0,16.0,2.0,3.0,6.0,1.0,4.0,0.0
NM_021072,HCN1,"Epileptic encephalopathy, early infantile, 24, 615871 (3)",Epilepsy/Encephalopathy,9933,40.2,46,4.63,2.0,4.0,3.0,2.0,15.0,2.0,0.0,14.0,1.0,3.0,0.0
NM_001204,BMPR2,"Pulmonary venoocclusive disease 1, 265450 (3)",Other,12068,39.1,46,3.81,2.0,3.0,2.0,2.0,13.0,0.0,2.0,20.0,0.0,2.0,0.0
NM_021120,DLG3,"Mental retardation, X-linked 90, 300850 (3)",Intellectual Disability,6042,52.2,46,7.61,7.0,4.0,1.0,0.0,25.0,1.0,2.0,3.0,2.0,1.0,0.0
NM_004643,PABPN1,"Oculopharyngeal muscular dystrophy, 164300 (3)",Muscular Disorders,1811,54.3,46,25.4,2.0,6.0,1.0,2.0,10.0,4.0,2.0,11.0,4.0,4.0,0.0
NM_020928,ZSWIM6,"Neurodevelopmental disorder with movement abnormalities, abnormal gait, and autistic features, 617865 (3)",Other,5518,47.1,46,8.34,2.0,4.0,8.0,3.0,16.0,1.0,0.0,9.0,1.0,2.0,0.0
NM_015384,NIPBL,"Cornelia de Lange syndrome 1, 122470 (3)",Syndromes,10379,39.7,45,4.34,1.0,2.0,0.0,1.0,13.0,2.0,2.0,18.0,6.0,0.0,0.0
NM_001018054,LRP8,"{Myocardial infarction, susceptibility to}, 608446 (3)",Other,7527,47.3,44,5.85,4.0,4.0,2.0,3.0,17.0,3.0,0.0,6.0,0.0,5.0,0.0
NM_001145306,CDK6,"?Microcephaly 12, primary, autosomal recessive, 616080 (3)",Other,11663,39.7,44,3.77,5.0,4.0,1.0,3.0,11.0,1.0,0.0,15.0,3.0,1.0,0.0
NM_004980,KCND3,"Spinocerebellar ataxia 19, 607346 (3)",Ataxias,7882,48.0,44,5.58,6.0,3.0,0.0,0.0,21.0,2.0,0.0,8.0,1.0,3.0,0.0
NM_001243226,TCF4,"{Diabetes mellitus, type 2, susceptibility to}, 125853 (3)",Other,8232,38.6,44,5.34,4.0,2.0,0.0,2.0,8.0,0.0,0.0,24.0,3.0,1.0,0.0
NM_001007237,IGSF3,"?Lacrimal duct defect, 149700 (3)",Other,7235,52.9,44,6.08,3.0,3.0,1.0,1.0,25.0,0.0,0.0,4.0,3.0,4.0,0.0
NM_005045,RELN,"{Epilepsy, familial temporal lobe, 7}, 616436 (3)",Epilepsy/Encephalopathy,11708,47.4,43,3.67,2.0,5.0,4.0,1.0,16.0,1.0,2.0,6.0,1.0,5.0,0.0
NM_001291867,NHS,"Nance-Horan syndrome, 302350 (3)",Syndromes,9044,46.0,42,4.64,3.0,6.0,4.0,1.0,13.0,0.0,1.0,6.0,4.0,4.0,0.0
NM_004302,ACVR1B,"Pancreatic cancer, somatic (3)",Cancer,4531,52.6,42,9.27,3.0,5.0,1.0,1.0,15.0,2.0,2.0,3.0,2.0,8.0,0.0
NM_199461,NANOS1,"Spermatogenic failure 12, 615413 (3)",Other,4017,50.9,42,10.46,2.0,6.0,6.0,1.0,16.0,2.0,3.0,4.0,0.0,2.0,0.0
NM_001007026,ATN1,"Dentatorubro-pallidoluysian atrophy, 125370 (3)",Other,4355,62.2,42,9.64,2.0,4.0,2.0,1.0,13.0,8.0,7.0,1.0,2.0,2.0,0.0
NM_001169122,AFF2,"Mental retardation, X-linked, FRAXE type, 309548 (3)",Intellectual Disability,13643,43.3,40,2.93,6.0,4.0,3.0,3.0,11.0,0.0,0.0,9.0,4.0,0.0,0.0
NM_018014,BCL11A,"Dias-Logan syndrome, 617101 (3)",Syndromes,4761,51.1,40,8.4,4.0,3.0,1.0,1.0,18.0,1.0,1.0,4.0,4.0,3.0,0.0
NR_028388,FUS,"Essential tremor, hereditary, 4, 614782 (3)",Other,5084,49.8,40,7.87,3.0,3.0,2.0,2.0,24.0,0.0,0.0,5.0,1.0,0.0,0.0
NM_001018056,VLDLR,"Cerebellar hypoplasia and mental retardation with or without quadrupedal locomotion 1, 224050 (3)",Intellectual Disability,9129,42.9,40,4.38,2.0,3.0,1.0,1.0,9.0,0.0,3.0,13.0,4.0,4.0,0.0
NM_001170634,FUS,"Essential tremor, hereditary, 4, 614782 (3)",Other,5116,49.7,40,7.82,3.0,3.0,2.0,2.0,24.0,0.0,0.0,5.0,1.0,0.0,0.0
NM_002471,MYH6,"{Sick sinus syndrome 3}, 614090 (3)",Syndromes,5940,57.5,39,6.57,4.0,1.0,0.0,1.0,29.0,1.0,0.0,1.0,1.0,1.0,0.0
NM_001451,FOXF1,"Alveolar capillary dysplasia with misalignment of pulmonary veins, 265380 (3)",Other,3520,51.2,39,11.08,1.0,4.0,2.0,3.0,15.0,0.0,1.0,6.0,3.0,4.0,0.0
NM_005188,CBL,"Noonan syndrome-like disorder with or without juvenile myelomonocytic leukemia, 613563 (3)",Cancer,11168,45.5,39,3.49,6.0,2.0,0.0,1.0,17.0,0.0,0.0,10.0,3.0,0.0,0.0
NM_000398,CYB5R3,"Methemoglobinemia, type II, 250800 (3)",Other,2916,59.3,38,13.03,3.0,4.0,2.0,0.0,14.0,4.0,2.0,4.0,1.0,4.0,0.0
NM_005413,SIX3,"Schizencephaly, 269160 (3)",Other,2713,54.1,38,14.01,2.0,5.0,4.0,1.0,6.0,2.0,1.0,5.0,9.0,3.0,0.0
NM_000421,KRT10,"Ichthyosis, cyclic, with epidermolytic hyperkeratosis, 607602 (3)",Other,2143,52.0,37,17.27,1.0,2.0,1.0,5.0,22.0,0.0,0.0,1.0,1.0,4.0,0.0
NM_001083602,PTCH1,"Holoprosencephaly 7, 610828 (3)",Other,8059,49.7,37,4.59,6.0,3.0,0.0,0.0,16.0,2.0,1.0,7.0,2.0,0.0,0.0
NM_005359,SMAD4,"Polyposis, juvenile intestinal, 174900 (3)",Other,8772,41.1,37,4.22,3.0,1.0,1.0,1.0,11.0,0.0,0.0,18.0,2.0,0.0,0.0
NM_004530,MMP2,"Multicentric osteolysis, nodulosis, and arthropathy, 259600 (3)",Other,3514,55.8,37,10.53,3.0,4.0,2.0,1.0,14.0,3.0,2.0,2.0,1.0,5.0,0.0
NM_001330091,NRXN1,"{Schizophrenia, susceptibility to, 17}, 614332 (3)",Other,5709,42.1,37,6.48,1.0,4.0,3.0,4.0,11.0,1.0,0.0,8.0,2.0,3.0,0.0
NM_000944,PPP3CA,"Epileptic encephalopathy, infantile or early childhood, 1, 617711 (3)",Epilepsy/Encephalopathy,4743,42.9,37,7.8,2.0,4.0,2.0,2.0,10.0,0.0,0.0,13.0,4.0,0.0,0.0
NM_001303052,MYT1L,"Mental retardation, autosomal dominant 39, 616521 (3)",Intellectual Disability,7144,46.8,36,5.04,3.0,3.0,0.0,1.0,15.0,2.0,2.0,6.0,3.0,1.0,0.0
NM_003924,PHOX2B,"{Neuroblastoma, susceptibility to, 2}, 613013 (3)",Other,2785,54.1,36,12.93,3.0,3.0,4.0,1.0,10.0,4.0,1.0,4.0,1.0,5.0,0.0
NM_001284333,TLK2,"Mental retardation, autosomal dominant 57, 618050 (3)",Intellectual Disability,5410,44.7,35,6.47,4.0,4.0,1.0,0.0,15.0,2.0,0.0,5.0,4.0,0.0,0.0
NM_001080477,TENM3,"Microphthalmia, isolated, with coloboma 9, 615145 (3)",Other,10923,47.1,35,3.2,3.0,0.0,3.0,0.0,21.0,0.0,0.0,7.0,1.0,0.0,0.0
NM_005515,MNX1,"Currarino syndrome, 176450 (3)",Syndromes,2185,68.7,35,16.02,2.0,3.0,6.0,1.0,15.0,4.0,1.0,0.0,0.0,3.0,0.0
NM_138426,GLCCI1,"{Glucocorticoid therapy, response to}, 614400 (3)",Other,4741,47.2,34,7.17,1.0,3.0,3.0,2.0,11.0,1.0,2.0,5.0,1.0,5.0,0.0
NM_001289396,SMARCA2,"Nicolaides-Baraitser syndrome, 601358 (3)",Syndromes,5863,48.7,34,5.8,4.0,2.0,0.0,3.0,10.0,4.0,0.0,7.0,4.0,0.0,0.0
NR_073468,EXTL3,"Immunoskeletal dysplasia with neurodevelopmental abnormalities, 617425 (3)",Other,5504,53.6,34,6.18,3.0,3.0,1.0,2.0,19.0,0.0,0.0,3.0,2.0,1.0,0.0
NM_173602,DIP2B,"Mental retardation, FRA12A type, 136630 (3)",Intellectual Disability,8705,45.2,34,3.91,1.0,1.0,1.0,1.0,17.0,0.0,0.0,12.0,1.0,0.0,0.0
NM_001098512,PRKG1,"Aortic aneurysm, familial thoracic 8, 615436 (3)",Other,6957,38.4,33,4.74,3.0,4.0,2.0,1.0,7.0,0.0,1.0,10.0,3.0,2.0,0.0
NM_001130916,TGFBR1,"{Multiple self-healing squamous epithelioma, susceptibility to}, 132800 (3)",Other,6261,38.5,33,5.27,4.0,2.0,1.0,1.0,10.0,0.0,0.0,13.0,2.0,0.0,0.0
NM_100264,WAC,"Desanto-Shinawi syndrome, 616708 (3)",Syndromes,5638,39.8,32,5.68,4.0,3.0,0.0,0.0,5.0,1.0,2.0,11.0,3.0,3.0,0.0
NM_001135659,NRXN1,"{Schizophrenia, susceptibility to, 17}, 614332 (3)",Other,9158,43.5,32,3.49,1.0,3.0,2.0,2.0,12.0,0.0,1.0,9.0,2.0,0.0,0.0
NM_001185075,FMR1,"Premature ovarian failure 1, 311360 (3)",Other,4170,38.8,31,7.43,0.0,2.0,2.0,2.0,11.0,0.0,0.0,9.0,2.0,3.0,0.0
NM_001278065,GRM1,"Spinocerebellar ataxia, autosomal recessive 13, 614831 (3)",Ataxias,6917,48.5,31,4.48,3.0,2.0,0.0,0.0,19.0,0.0,0.0,4.0,1.0,2.0,0.0
NM_001145155,NR2F2,"Congenital heart defects, multiple types, 4, 615779 (3)",Cardiac Disorders,3746,41.1,31,8.28,3.0,2.0,0.0,0.0,4.0,2.0,2.0,9.0,7.0,2.0,0.0
NM_005619,RTN2,"Spastic paraplegia 12, autosomal dominant, 604805 (3)",Other,2274,63.1,31,13.63,4.0,3.0,1.0,1.0,11.0,3.0,3.0,0.0,0.0,5.0,0.0
NM_001081560,DMPK,"Myotonic dystrophy 1, 160900 (3)",Muscular Disorders,2784,64.8,30,10.78,4.0,1.0,0.0,1.0,21.0,2.0,0.0,0.0,0.0,1.0,0.0
NM_032427,MAML2,Mucoepidermoid salivary gland carcinoma (3),Cancer,7121,44.6,30,4.21,4.0,3.0,0.0,4.0,6.0,1.0,0.0,4.0,4.0,4.0,0.0
NR_033699,FMR1,"Premature ovarian failure 1, 311360 (3)",Other,4245,38.9,30,7.07,0.0,1.0,2.0,2.0,11.0,0.0,0.0,9.0,2.0,3.0,0.0
NM_001278064,GRM1,"Spinocerebellar ataxia, autosomal recessive 13, 614831 (3)",Ataxias,6846,48.1,30,4.38,3.0,2.0,0.0,0.0,18.0,0.0,0.0,4.0,1.0,2.0,0.0
NM_004316,ASCL1,"Haddad syndrome, 209880 (3)",Syndromes,2481,52.0,29,11.69,1.0,3.0,2.0,1.0,7.0,0.0,1.0,7.0,5.0,2.0,0.0
NM_001039350,DPP6,"{Ventricular fibrillation, paroxysmal familial, 2}, 612956 (3)",Other,4561,51.6,28,6.14,1.0,2.0,0.0,1.0,14.0,1.0,1.0,5.0,2.0,1.0,0.0
NM_001318369,SLC6A5,"Hyperekplexia 3, 614618 (3)",Other,6737,43.3,28,4.16,3.0,3.0,1.0,1.0,9.0,1.0,0.0,8.0,1.0,0.0,1.0
NM_001130926,MEF2A,"{Coronary artery disease, autosomal dominant, 1}, 608320 (3)",Other,5474,40.7,27,4.93,3.0,3.0,0.0,1.0,6.0,3.0,1.0,5.0,1.0,4.0,0.0
NM_017813,IMPAD1,"Chondrodysplasia with joint dislocations, GPAPP type, 614078 (3)",Other,7224,39.3,27,3.74,2.0,1.0,2.0,0.0,13.0,0.0,0.0,8.0,1.0,0.0,0.0
NM_003235,TG,"{Autoimmune thyroid disease, susceptibility to, 3}, 608175 (3)",Other,8455,54.5,27,3.19,4.0,0.0,0.0,0.0,21.0,2.0,0.0,0.0,0.0,0.0,0.0
NM_000814,GABRB3,"{Epilepsy, childhood absence, susceptibility to, 5}, 612269 (3)",Epilepsy/Encephalopathy,5767,41.8,27,4.68,4.0,2.0,1.0,2.0,9.0,0.0,0.0,6.0,1.0,2.0,0.0
NM_001127217,SMAD9,"Pulmonary hypertension, primary, 2, 615342 (3)",Other,5558,43.2,27,4.86,1.0,1.0,3.0,4.0,4.0,0.0,0.0,9.0,2.0,2.0,1.0
NM_001301228,HMGB3,"?Microphthalmia, syndromic 13, 300915 (3)",Other,3722,45.7,26,6.99,2.0,4.0,1.0,2.0,9.0,0.0,1.0,4.0,2.0,1.0,0.0
NM_005574,LMO2,"Leukemia, acute T-cell (2)",Cancer,2081,55.5,26,12.49,2.0,3.0,2.0,0.0,12.0,0.0,1.0,2.0,2.0,2.0,0.0
NM_001085377,MCC,"Colorectal cancer, somatic, 114500 (3)",Cancer,8295,46.1,26,3.13,2.0,0.0,1.0,0.0,14.0,0.0,0.0,7.0,1.0,1.0,0.0
NM_001302508,MMP2,"Multicentric osteolysis, nodulosis, and arthropathy, 259600 (3)",Other,3230,53.5,26,8.05,5.0,3.0,0.0,0.0,9.0,1.0,2.0,3.0,2.0,1.0,0.0
NM_004473,FOXE1,"{Thyroid cancer, nonmedullary, 4}, 616534 (3)",Cancer,3492,61.1,26,7.45,2.0,3.0,4.0,1.0,11.0,5.0,0.0,0.0,0.0,0.0,0.0
NM_001172309,NEXN,"Cardiomyopathy, hypertrophic, 20, 613876 (3)",Cardiac Disorders,3090,37.0,26,8.41,3.0,3.0,0.0,0.0,4.0,0.0,0.0,4.0,11.0,1.0,0.0
NM_001290253,DPP6,"{Ventricular fibrillation, paroxysmal familial, 2}, 612956 (3)",Other,2032,52.9,25,12.3,2.0,3.0,1.0,2.0,12.0,0.0,0.0,4.0,0.0,1.0,0.0
NM_021619,PRDM12,"Neuropathy, hereditary sensory and autonomic, type VIII, 616488 (3)",Neurodegenerative,2478,63.6,24,9.69,2.0,2.0,3.0,1.0,11.0,1.0,3.0,0.0,0.0,1.0,0.0
NM_001321099,PGAP1,"Mental retardation, autosomal recessive 42, 615802 (3)",Intellectual Disability,11174,34.9,24,2.15,0.0,1.0,1.0,1.0,6.0,1.0,0.0,13.0,1.0,0.0,0.0
NM_144599,NIPA1,"Spastic paraplegia 6, autosomal dominant, 600363 (3)",Other,6553,42.4,23,3.51,3.0,1.0,1.0,1.0,12.0,0.0,1.0,3.0,0.0,1.0,0.0
NM_001136001,ABL2,"Leukemia, acute myeloid, with eosinophilia (1)",Cancer,2133,52.5,22,10.31,3.0,2.0,1.0,1.0,12.0,0.0,0.0,1.0,0.0,2.0,0.0
NM_001282538,GNB1,"Mental retardation, autosomal dominant 42, 616973 (3)",Intellectual Disability,3017,50.1,22,7.29,4.0,3.0,2.0,0.0,8.0,0.0,0.0,2.0,1.0,2.0,0.0
NM_001168647,CNKSR2,"Mental retardation, X-linked, syndromic, Houge type, 301008 (3)",Intellectual Disability,5663,41.9,22,3.88,1.0,2.0,1.0,2.0,6.0,0.0,0.0,3.0,4.0,3.0,0.0
NM_024312,GNPTAB,"Mucolipidosis III alpha/beta, 252600 (3)",Other,5720,43.3,22,3.85,0.0,2.0,2.0,2.0,10.0,1.0,0.0,4.0,1.0,0.0,0.0
NM_001130442,HRAS,"{Thyroid carcinoma, follicular, somatic}, 188470 (3)",Cancer,1178,65.5,21,17.83,1.0,3.0,0.0,0.0,10.0,2.0,3.0,0.0,1.0,1.0,0.0
NM_000162,GCK,"MODY, type II, 125851 (3)",Other,2745,60.3,21,7.65,4.0,0.0,2.0,0.0,15.0,0.0,0.0,0.0,0.0,0.0,0.0
NM_001301229,HMGB3,"?Microphthalmia, syndromic 13, 300915 (3)",Other,3503,43.6,20,5.71,2.0,2.0,0.0,1.0,8.0,0.0,0.0,4.0,2.0,1.0,0.0
NM_001142315,LMO2,"Leukemia, acute T-cell (2)",Cancer,1511,53.6,19,12.57,2.0,3.0,2.0,0.0,6.0,0.0,1.0,2.0,2.0,1.0,0.0
NM_001166280,MUSK,"Myasthenic syndrome, congenital, 9, associated with acetylcholine receptor deficiency, 616325 (3)",Syndromes,8036,37.5,19,2.36,1.0,0.0,0.0,0.0,7.0,1.0,0.0,8.0,2.0,0.0,0.0
NM_001142275,NIPA1,"Spastic paraplegia 6, autosomal dominant, 600363 (3)",Other,6386,41.6,18,2.82,3.0,1.0,0.0,0.0,10.0,0.0,1.0,3.0,0.0,0.0,0.0
NM_002973,ATXN2,"{Parkinson disease, late-onset, susceptibility to}, 168600 (3)",Neurodegenerative,4341,50.0,18,4.15,2.0,2.0,0.0,2.0,5.0,0.0,1.0,4.0,2.0,0.0,0.0
NM_001755,CBFB,"Myeloid leukemia, acute, M4/M4Eo subtype, somatic, 601626 (1)",Cancer,3134,40.6,18,5.74,1.0,1.0,1.0,1.0,7.0,0.0,0.0,6.0,1.0,0.0,0.0
NM_021912,GABRB3,"{Epilepsy, childhood absence, susceptibility to, 5}, 612269 (3)",Epilepsy/Encephalopathy,5702,41.2,17,2.98,2.0,0.0,0.0,1.0,7.0,0.0,0.0,6.0,1.0,0.0,0.0
NM_001330574,ZNF711,"Mental retardation, X-linked 97, 300803 (3)",Intellectual Disability,4559,38.2,17,3.73,0.0,1.0,1.0,2.0,6.0,0.0,0.0,4.0,1.0,2.0,0.0
NR_132311,ATXN2,"{Parkinson disease, late-onset, susceptibility to}, 168600 (3)",Neurodegenerative,4280,50.0,17,3.97,1.0,2.0,0.0,2.0,5.0,0.0,1.0,4.0,2.0,0.0,0.0
NM_001200001,NOTCH2,"Hajdu-Cheney syndrome, 102500 (3)",Syndromes,4270,51.4,16,3.75,3.0,2.0,1.0,0.0,7.0,0.0,0.0,0.0,1.0,2.0,0.0
NM_000095,COMP,"Pseudoachondroplasia, 177170 (3)",Other,2452,64.2,16,6.53,2.0,1.0,2.0,0.0,10.0,1.0,0.0,0.0,0.0,0.0,0.0
NM_001122608,HCCS,"Linear skin defects with multiple congenital anomalies 1, 309801 (3)",Other,2254,41.4,16,7.1,0.0,1.0,1.0,1.0,4.0,0.0,0.0,7.0,0.0,2.0,0.0
NM_001243766,POMGNT1,"Retinitis pigmentosa 76, 617123 (3)",Other,2934,57.0,16,5.45,1.0,0.0,0.0,0.0,15.0,0.0,0.0,0.0,0.0,0.0,0.0
NM_001310121,ATXN2,"{Parkinson disease, late-onset, susceptibility to}, 168600 (3)",Neurodegenerative,3993,47.0,15,3.76,4.0,0.0,0.0,0.0,3.0,1.0,0.0,5.0,2.0,0.0,0.0
NM_005577,LPA,"{Coronary artery disease, susceptibility to} (1)",Other,6431,51.9,15,2.33,2.0,0.0,0.0,0.0,9.0,2.0,0.0,2.0,0.0,0.0,0.0
NM_032228,FAR1,"Peroxisomal fatty acyl-CoA reductase 1 disorder, 616154 (3)",Other,5266,34.9,14,2.66,0.0,0.0,1.0,0.0,5.0,0.0,0.0,7.0,1.0,0.0,0.0
NM_001172085,TBP,"{Parkinson disease, susceptibility to}, 168600 (3)",Neurodegenerative,1655,46.3,14,8.46,2.0,2.0,0.0,2.0,3.0,0.0,1.0,3.0,1.0,0.0,0.0
NR_145571,SERPINB8,"Peeling skin syndrome 5, 617115 (3)",Syndromes,3054,41.5,13,4.26,1.0,0.0,1.0,0.0,3.0,0.0,1.0,6.0,1.0,0.0,0.0
NM_001143826,MAPRE2,"Symmetric circumferential skin creases, congenital, 2, 616734 (3)",Other,4078,43.5,13,3.19,2.0,0.0,0.0,0.0,3.0,0.0,1.0,4.0,3.0,0.0,0.0
NM_001203247,EZH2,"Weaver syndrome, 277590 (3)",Syndromes,2639,45.0,13,4.93,1.0,1.0,3.0,1.0,3.0,0.0,0.0,0.0,1.0,3.0,0.0
NM_001100600,MMD2,Miyoshi muscular dystrophy 2 (2),Muscular Disorders,2381,55.1,13,5.46,2.0,1.0,1.0,0.0,8.0,1.0,0.0,0.0,0.0,0.0,0.0
NM_005630,SLCO2A1,"Hypertrophic osteoarthropathy, primary, autosomal recessive 2, 614441 (3)",Other,4067,54.9,12,2.95,2.0,1.0,0.0,0.0,6.0,0.0,0.0,1.0,1.0,1.0,0.0
NM_001183,ATP6AP1,"Immunodeficiency 47, 300972 (3)",Other,2054,58.0,12,5.84,2.0,2.0,1.0,1.0,6.0,0.0,0.0,0.0,0.0,0.0,0.0
NM_001177465,MAMLD1,"Hypospadias 2, X-linked, 300758 (3)",Other,4374,53.5,11,2.51,3.0,1.0,1.0,1.0,4.0,0.0,0.0,1.0,0.0,0.0,0.0
NR_072989,MMD2,Miyoshi muscular dystrophy 2 (2),Muscular Disorders,1330,56.8,10,7.52,2.0,1.0,1.0,0.0,5.0,1.0,0.0,0.0,0.0,0.0,0.0
NM_014585,SLC40A1,"Hemochromatosis, type 4, 606069 (3)",Other,3330,41.4,10,3.0,0.0,0.0,1.0,0.0,3.0,0.0,0.0,4.0,2.0,0.0,0.0
NM_001305581,LRMDA,"Albinism, oculocutaneous, type VII, 615179 (3)",Other,3662,44.5,9,2.46,2.0,0.0,0.0,0.0,3.0,0.0,0.0,4.0,0.0,0.0,0.0
NR_131178,LRMDA,"Albinism, oculocutaneous, type VII, 615179 (3)",Other,3915,43.9,8,2.04,1.0,0.0,0.0,0.0,3.0,0.0,0.0,4.0,0.0,0.0,0.0
NM_003337,UBE2B,?Male infertility (1),Other,2241,36.4,8,3.57,0.0,0.0,0.0,0.0,4.0,0.0,0.0,4.0,0.0,0.0,0.0
NM_000581,GPX1,"Hemolytic anemia due to glutathione peroxidase deficiency, 614164 (1)",Other,899,62.4,8,8.9,1.0,1.0,1.0,0.0,4.0,1.0,0.0,0.0,0.0,0.0,0.0
NR_104017,PMP22,"Roussy-Levy syndrome, 180800 (3)",Syndromes,1716,45.6,7,4.08,1.0,1.0,0.0,0.0,4.0,0.0,0.0,0.0,1.0,0.0,0.0
NM_001031848,SERPINB8,"Peeling skin syndrome 5, 617115 (3)",Syndromes,1213,45.0,6,4.95,0.0,1.0,1.0,0.0,2.0,0.0,0.0,2.0,0.0,0.0,0.0
NM_020361,CPA6,"Febrile seizures, familial, 11, 614418 (3)",Other,2011,42.9,6,2.98,1.0,0.0,0.0,0.0,1.0,0.0,0.0,4.0,0.0,0.0,0.0
NM_000304,PMP22,"Roussy-Levy syndrome, 180800 (3)",Syndromes,1828,46.4,6,3.28,1.0,1.0,0.0,0.0,3.0,0.0,0.0,0.0,1.0,0.0,0.0
NM_001256054,C9orf72,"Frontotemporal dementia and/or amyotrophic lateral sclerosis 1, 105550 (3)",Other,3338,37.6,6,1.8,2.0,0.0,0.0,0.0,0.0,0.0,0.0,4.0,0.0,0.0,0.0
NM_001003811,TEX11,"Spermatogenic failure, X-linked, 2, 309120 (3)",Other,3134,41.0,5,1.6,0.0,0.0,0.0,0.0,3.0,0.0,0.0,2.0,0.0,0.0,0.0
NM_001164615,FZD6,"Nail disorder, nonsyndromic congenital, 10, (claw-shaped nails), 614157 (3)",Other,3707,36.9,4,1.08,0.0,0.0,0.0,0.0,1.0,0.0,0.0,3.0,0.0,0.0,0.0
NM_000145,FSHR,"Ovarian response to FSH stimulation, 276400 (3)",Other,2762,43.9,1,0.36,0.0,0.0,0.0,1.0,0.0,0.0,0.0,0.0,0.0,0.0,0.0
